feature,coefficient,abs_coefficient
num__history_ctr_28d,-3.0664886257872555,3.0664886257872555
num__word_count,-2.6549823160987476,2.6549823160987476
cat__competition_level_HIGH,-2.600131900360758,2.600131900360758
num__ctr_gap,2.527888221998457,2.527888221998457
cat__main_intent_navigational,2.4688516616244462,2.4688516616244462
cat__competition_level_LOW,1.9409163854062152,1.9409163854062152
num__avg_position_28d,-1.8005100378411694,1.8005100378411694
num__client_tenure_days,1.74838846016937,1.74838846016937
num__position_volatility_90d,1.6578395792308687,1.6578395792308687
cat__content_type_comparison article,-1.5974800665561497,1.5974800665561497
cat__main_intent_missing,1.4260556617893623,1.4260556617893623
cat__main_intent_commercial,-1.40879407396702,1.40879407396702
num__char_count,1.3942523957151471,1.3942523957151471
num__competition,1.3855986575586856,1.3855986575586856
cat__main_intent_informational,-1.3717192671148926,1.3717192671148926
cat__main_intent_transactional,-1.1143939823330329,1.1143939823330329
cat__content_type_feedly article,1.002547484979603,1.002547484979603
cat__is_published_True,-0.7930104216114657,0.7930104216114657
cat__is_published_False,0.7930104216114623,0.7930104216114623
num__keyword_char_count,0.6153582300006157,0.6153582300006157
num__cpc,0.5968591754742042,0.5968591754742042
cat__content_type_keyword article,0.5949325815712134,0.5949325815712134
cat__competition_level_MEDIUM,0.3525099126637553,0.3525099126637553
cat__competition_level_missing,0.30670560229007837,0.30670560229007837
num__history_ctr_90d,0.24539496350737205,0.24539496350737205
num__category_count,-0.2132544718076669,0.2132544718076669
num__history_impressions_90d,-0.19234493095953709,0.19234493095953709
cat__is_deleted_False,-0.15776110478587096,0.15776110478587096
cat__is_deleted_True,0.1577611047858673,0.1577611047858673
num__keyword_token_count,-0.15557362102548253,0.15557362102548253
num__position_trend_slope_90d,-0.10159747398777856,0.10159747398777856
num__search_volume,0.060168554685275474,0.060168554685275474
num__url_char_count,0.04814743092794744,0.04814743092794744
num__backlinks,-0.0024526843196316043,0.0024526843196316043
